{
    "name": "root",
    "gauges": {
        "PushBlockAgent2.Policy.Entropy.mean": {
            "value": 0.11872903257608414,
            "min": 0.11872903257608414,
            "max": 0.1572229415178299,
            "count": 33
        },
        "PushBlockAgent2.Policy.ExtrinsicValueEstimate.mean": {
            "value": 0.7574158906936646,
            "min": 0.46260902285575867,
            "max": 1.8414596319198608,
            "count": 33
        },
        "PushBlockAgent2.Policy.GailValueEstimate.mean": {
            "value": 0.20145194232463837,
            "min": 0.20002637803554535,
            "max": 0.30014652013778687,
            "count": 33
        },
        "PushBlockAgent2.Losses.PolicyLoss.mean": {
            "value": 0.03300835796108004,
            "min": 0.03215642706078749,
            "max": 0.035118125020484774,
            "count": 33
        },
        "PushBlockAgent2.Losses.ValueLoss.mean": {
            "value": 0.17388614194545274,
            "min": 0.12208695730078034,
            "max": 0.21096190410233767,
            "count": 33
        },
        "PushBlockAgent2.Policy.LearningRate.mean": {
            "value": 2.091627302824e-06,
            "min": 2.091627302824e-06,
            "max": 5.939054395317875e-05,
            "count": 33
        },
        "PushBlockAgent2.Policy.Epsilon.mean": {
            "value": 0.100697176,
            "min": 0.100697176,
            "max": 0.11979682125,
            "count": 33
        },
        "PushBlockAgent2.Policy.Beta.mean": {
            "value": 7.964788240000002e-05,
            "min": 7.964788240000002e-05,
            "max": 0.001987702442875,
            "count": 33
        },
        "PushBlockAgent2.Policy.GAILPolicyEstimate.mean": {
            "value": 0.12402423978007088,
            "min": 0.1191043382360866,
            "max": 0.17142471772552068,
            "count": 33
        },
        "PushBlockAgent2.Policy.GAILExpertEstimate.mean": {
            "value": 0.8730559167141716,
            "min": 0.8298801157756576,
            "max": 0.8774264474133295,
            "count": 33
        },
        "PushBlockAgent2.Losses.GAILLoss.mean": {
            "value": 0.3500456967235853,
            "min": 0.3323213186314596,
            "max": 0.47795550032917944,
            "count": 33
        },
        "PushBlockAgent2.Policy.GAILGradMagLoss.mean": {
            "value": 0.040751164793618955,
            "min": 0.040751164793618955,
            "max": 0.052169367479759136,
            "count": 33
        },
        "PushBlockAgent2.Environment.EpisodeLength.mean": {
            "value": 987.9508196721312,
            "min": 981.4603174603175,
            "max": 999.0,
            "count": 33
        },
        "PushBlockAgent2.Environment.CumulativeReward.mean": {
            "value": 7.470506467780129,
            "min": 3.324017408466528,
            "max": 8.590312504954635,
            "count": 33
        },
        "PushBlockAgent2.Policy.ExtrinsicReward.mean": {
            "value": 7.470506467780129,
            "min": 3.324017408466528,
            "max": 8.590312504954635,
            "count": 33
        },
        "PushBlockAgent2.Policy.GailReward.mean": {
            "value": 2.1180581510864718,
            "min": 1.9739603801014818,
            "max": 3.0308850605163777,
            "count": 33
        },
        "PushBlockAgent2.IsTraining.mean": {
            "value": 1.0,
            "min": 1.0,
            "max": 1.0,
            "count": 33
        }
    },
    "metadata": {
        "timer_format_version": "0.1.0",
        "start_time_seconds": "1612277732",
        "python_version": "3.8.5 (default, Jul 28 2020, 12:59:40) \n[GCC 9.3.0]",
        "command_line_arguments": "/home/rod/.local/bin/mlagents-learn trainer_config_push_cube-Agent2-demo.yaml --run-id=PushBlockAgent-2-1 --resume",
        "mlagents_version": "0.22.0",
        "mlagents_envs_version": "0.22.0",
        "communication_protocol_version": "1.2.0",
        "pytorch_version": "1.7.0",
        "numpy_version": "1.18.0",
        "end_time_seconds": "1612286772"
    },
    "total": 9039.412501982995,
    "count": 1,
    "self": 0.012820400967029855,
    "children": {
        "run_training.setup": {
            "total": 0.0063490150205325335,
            "count": 1,
            "self": 0.0063490150205325335
        },
        "TrainerController.start_learning": {
            "total": 9039.393332567008,
            "count": 1,
            "self": 6.140578330639983,
            "children": {
                "TrainerController._reset_env": {
                    "total": 19.506005656003254,
                    "count": 1,
                    "self": 9.558534832991427,
                    "children": {
                        "demo_to_buffer": {
                            "total": 9.947470823011827,
                            "count": 1,
                            "self": 0.0487974550051149,
                            "children": {
                                "load_demonstration": {
                                    "total": 0.1513702460215427,
                                    "count": 1,
                                    "self": 0.14645734502119012,
                                    "children": {
                                        "read_file": {
                                            "total": 0.004912901000352576,
                                            "count": 1,
                                            "self": 0.004912901000352576
                                        }
                                    }
                                },
                                "make_demo_buffer": {
                                    "total": 9.74730312198517,
                                    "count": 1,
                                    "self": 1.4879842023947276,
                                    "children": {
                                        "steps_from_proto": {
                                            "total": 8.259318919590442,
                                            "count": 31200,
                                            "self": 3.9962821292574517,
                                            "children": {
                                                "_process_vector_observation": {
                                                    "total": 4.26303679033299,
                                                    "count": 124800,
                                                    "self": 4.26303679033299
                                                }
                                            }
                                        }
                                    }
                                }
                            }
                        }
                    }
                },
                "TrainerController.advance": {
                    "total": 9013.677424385358,
                    "count": 223409,
                    "self": 3.6352378963201772,
                    "children": {
                        "env_step": {
                            "total": 9010.042186489038,
                            "count": 223409,
                            "self": 7725.106157086877,
                            "children": {
                                "SubprocessEnvManager._take_step": {
                                    "total": 1281.6155740929535,
                                    "count": 223409,
                                    "self": 16.17906051099999,
                                    "children": {
                                        "TorchPolicy.evaluate": {
                                            "total": 1265.4365135819535,
                                            "count": 222251,
                                            "self": 202.42804243040155,