{
    "name": "root",
    "metadata": {
        "timer_format_version": "0.1.0",
        "start_time_seconds": "1611653560",
        "python_version": "3.8.5 (default, Jul 28 2020, 12:59:40) \n[GCC 9.3.0]",
        "command_line_arguments": "/home/rod/.local/bin/mlagents-learn trainer_config_agentpushcube.yaml --run-id=Agent-1-3 --resume",
        "mlagents_version": "0.22.0",
        "mlagents_envs_version": "0.22.0",
        "communication_protocol_version": "1.2.0",
        "pytorch_version": "1.7.0",
        "numpy_version": "1.18.0",
        "end_time_seconds": "1611670267"
    },
    "total": 16707.256103985997,
    "count": 1,
    "self": 5.068099230997177,
    "children": {
        "run_training.setup": {
            "total": 0.10608694100005778,
            "count": 1,
            "self": 0.10608694100005778
        },
        "TrainerController.start_learning": {
            "total": 16702.081917814,
            "count": 1,
            "self": 10.513197830139688,
            "children": {
                "TrainerController._reset_env": {
                    "total": 20.51917116300001,
                    "count": 1,
                    "self": 20.51917116300001
                },
                "TrainerController.advance": {
                    "total": 16610.54272750686,
                    "count": 366049,
                    "self": 5.6435792133634095,
                    "children": {
                        "env_step": {
                            "total": 16604.899148293498,
                            "count": 366049,
                            "self": 13952.883113526797,
                            "children": {
                                "SubprocessEnvManager._take_step": {
                                    "total": 2646.7602309544477,
                                    "count": 366049,
                                    "self": 61.82460165094881,
                                    "children": {
                                        "TorchPolicy.evaluate": {
                                            "total": 2584.935629303499,
                                            "count": 365897,
                                            "self": 705.0436764915439,
                                            "children": {
                                                "TorchPolicy.sample_actions": {
                                                    "total": 1879.891952811955,
                                                    "count": 365897,
                                                    "self": 1879.891952811955
                                                }
                                            }
                                        }
                                    }
                                },
                                "workers": {
                                    "total": 5.25580381225393,
                                    "count": 366048,
                                    "self": 0.0,
                                    "children": {
                                        "worker_root": {
                                            "total": 16549.690778682234,
                                            "count": 366048,
                                            "is_parallel": true,
                                            "self": 3114.0589337292968,
                                            "children": {
                                                "run_training.setup": {
                                                    "total": 0.0,
                                                    "count": 0,
                                                    "is_parallel": true,
                                                    "self": 0.0,
                                                    "children": {
                                                        "steps_from_proto": {
                                                            "total": 0.026184818000047017,
                                                            "count": 1,
                                                            "is_parallel": true,
                                                            "self": 0.004463380000061079,
                                                            "children": {
                                                                "_process_vector_observation": {
                                                                    "total": 0.021721437999985937,
                                                                    "count": 4,
                                                                    "is_parallel": true,
                                                                    "self": 0.021721437999985937
                                                                }
                                                            }
                                                        },
                                                        "UnityEnvironment.step": {
                                                            "total": 0.07570316199996796,
                                                            "count": 1,
                                                            "is_parallel": true,
                                                            "self": 0.0001486929999146014,
                                                            "children": {
                                                                "UnityEnvironment._generate_step_input": {
                                                                    "total": 0.00015721399995527463,
                                                                    "count": 1,
                                                                    "is_parallel": true,
                                                                    "self": 0.00015721399995527463
                                                                },
                                                                "communicator.exchange": {
                                                                    "total": 0.07471140800009834,
                                                                    "count": 1,
                                                                    "is_parallel": true,
                                                                    "self": 0.07471140800009834
                                                                },
                                                                "steps_from_proto": {
                                                                    "total": 0.0006858469999997396,
                                                                    "count": 1,
                                                                    "is_parallel": true,
                                                                    "self": 0.00023508699985086423,
                                                                    "children": {
                                                                        "_process_vector_observation": {
                                                                            "total": 0.0004507600001488754,
                                                                            "count": 4,
                                                                            "is_parallel": true,