{
    "name": "root",
    "metadata": {
        "timer_format_version": "0.1.0",
        "start_time_seconds": "1611602149",
        "python_version": "3.8.5 (default, Jul 28 2020, 12:59:40) \n[GCC 9.3.0]",
        "command_line_arguments": "/home/rod/.local/bin/mlagents-learn trainer_config_agentpushcube.yaml --run-id=Agent-1-2 --force",
        "mlagents_version": "0.22.0",
        "mlagents_envs_version": "0.22.0",
        "communication_protocol_version": "1.2.0",
        "pytorch_version": "1.7.0",
        "numpy_version": "1.18.0",
        "end_time_seconds": "1611602429"
    },
    "total": 280.3117941439996,
    "count": 1,
    "self": 0.0040750870102783665,
    "children": {
        "run_training.setup": {
            "total": 0.005359905000659637,
            "count": 1,
            "self": 0.005359905000659637
        },
        "TrainerController.start_learning": {
            "total": 280.30235915198864,
            "count": 1,
            "self": 0.2940891785401618,
            "children": {
                "TrainerController._reset_env": {
                    "total": 19.527522417003638,
                    "count": 1,
                    "self": 19.527522417003638
                },
                "TrainerController.advance": {
                    "total": 260.18954198944266,
                    "count": 7251,
                    "self": 0.11881326560978778,
                    "children": {
                        "env_step": {
                            "total": 260.0707287238329,
                            "count": 7251,
                            "self": 227.10386084813217,
                            "children": {
                                "SubprocessEnvManager._take_step": {
                                    "total": 32.86390973928792,
                                    "count": 7251,
                                    "self": 0.4776542894396698,
                                    "children": {
                                        "TorchPolicy.evaluate": {
                                            "total": 32.38625544984825,
                                            "count": 7251,
                                            "self": 6.059111790091265,
                                            "children": {
                                                "TorchPolicy.sample_actions": {
                                                    "total": 26.327143659756985,
                                                    "count": 7251,
                                                    "self": 26.327143659756985
                                                }
                                            }
                                        }
                                    }
                                },
                                "workers": {
                                    "total": 0.10295813641278073,
                                    "count": 7250,
                                    "self": 0.0,
                                    "children": {
                                        "worker_root": {
                                            "total": 279.6087734964676,
                                            "count": 7250,
                                            "is_parallel": true,
                                            "self": 59.90787362436822,
                                            "children": {
                                                "run_training.setup": {
                                                    "total": 0.0,
                                                    "count": 0,
                                                    "is_parallel": true,
                                                    "self": 0.0,
                                                    "children": {
                                                        "steps_from_proto": {
                                                            "total": 0.0011114689987152815,
                                                            "count": 1,
                                                            "is_parallel": true,
                                                            "self": 0.0004181440017418936,
                                                            "children": {
                                                                "_process_vector_observation": {
                                                                    "total": 0.0006933249969733879,
                                                                    "count": 4,
                                                                    "is_parallel": true,
                                                                    "self": 0.0006933249969733879
                                                                }
                                                            }
                                                        },
                                                        "UnityEnvironment.step": {
                                                            "total": 0.04160706100810785,
                                                            "count": 1,
                                                            "is_parallel": true,
                                                            "self": 0.00023725299979560077,
                                                            "children": {
                                                                "UnityEnvironment._generate_step_input": {
                                                                    "total": 0.00033650000113993883,
                                                                    "count": 1,
                                                                    "is_parallel": true,
                                                                    "self": 0.00033650000113993883
                                                                },
                                                                "communicator.exchange": {
                                                                    "total": 0.04025645200454164,
                                                                    "count": 1,
                                                                    "is_parallel": true,
                                                                    "self": 0.04025645200454164
                                                                },
                                                                "steps_from_proto": {
                                                                    "total": 0.0007768560026306659,
                                                                    "count": 1,
                                                                    "is_parallel": true,
                                                                    "self": 0.00024109600053634495,
                                                                    "children": {
                                                                        "_process_vector_observation": {
                                                                            "total": 0.000535760002094321,
                                                                            "count": 4,
                                                                            "is_parallel": true,