{
    "name": "root",
    "gauges": {
        "AgentPushCube.Policy.Entropy.mean": {
            "value": 0.5458898544311523,
            "min": 0.5164786577224731,
            "max": 1.1596261262893677,
            "count": 33
        },
        "AgentPushCube.Policy.ExtrinsicValueEstimate.mean": {
            "value": -0.0908864215016365,
            "min": -0.10039340704679489,
            "max": -0.019055405631661415,
            "count": 33
        },
        "AgentPushCube.Losses.PolicyLoss.mean": {
            "value": 0.059152183116692465,
            "min": 0.05726905851533382,
            "max": 0.06701814308628638,
            "count": 33
        },
        "AgentPushCube.Losses.ValueLoss.mean": {
            "value": 0.00527123304792933,
            "min": 0.00169310533706121,
            "max": 0.05422276785398893,
            "count": 33
        },
        "AgentPushCube.Policy.LearningRate.mean": {
            "value": 0.0001908968363677333,
            "min": 0.0001908968363677333,
            "max": 0.00026253111775278944,
            "count": 33
        },
        "AgentPushCube.Policy.Epsilon.mean": {
            "value": 0.16363226666666664,
            "min": 0.16363226666666664,
            "max": 0.18751036842105265,
            "count": 33
        },
        "AgentPushCube.Policy.Beta.mean": {
            "value": 0.006366863439999999,
            "min": 0.006366863439999999,
            "max": 0.008752285805263159,
            "count": 33
        },
        "AgentPushCube.Environment.EpisodeLength.mean": {
            "value": 999.0,
            "min": 999.0,
            "max": 999.0,
            "count": 33
        },
        "AgentPushCube.Environment.CumulativeReward.mean": {
            "value": -0.4999997094273567,
            "min": -0.8499999439964692,
            "max": 0.03333386443555355,
            "count": 33
        },
        "AgentPushCube.Policy.ExtrinsicReward.mean": {
            "value": -0.4999997094273567,
            "min": -0.8499999439964692,
            "max": 0.03333386443555355,
            "count": 33
        },
        "AgentPushCube.IsTraining.mean": {
            "value": 1.0,
            "min": 1.0,
            "max": 1.0,
            "count": 33
        }
    },
    "metadata": {
        "timer_format_version": "0.1.0",
        "start_time_seconds": "1611614475",
        "python_version": "3.8.5 (default, Jul 28 2020, 12:59:40) \n[GCC 9.3.0]",
        "command_line_arguments": "/home/rod/.local/bin/mlagents-learn trainer_config_agentpushcube.yaml --run-id=Agent-1-2 --resume",
        "mlagents_version": "0.22.0",
        "mlagents_envs_version": "0.22.0",
        "communication_protocol_version": "1.2.0",
        "pytorch_version": "1.7.0",
        "numpy_version": "1.18.0",
        "end_time_seconds": "1611626301"
    },
    "total": 11826.076882901,
    "count": 1,
    "self": 0.02901670499886677,
    "children": {
        "run_training.setup": {
            "total": 0.027309913999999935,
            "count": 1,
            "self": 0.027309913999999935
        },
        "TrainerController.start_learning": {
            "total": 11826.020556282001,
            "count": 1,
            "self": 9.016439888047898,
            "children": {
                "TrainerController._reset_env": {
                    "total": 8.862459386000012,
                    "count": 1,
                    "self": 8.862459386000012
                },
                "TrainerController.advance": {
                    "total": 11804.340050650952,
                    "count": 332381,
                    "self": 5.142258963955101,
                    "children": {
                        "env_step": {
                            "total": 11799.197791686996,
                            "count": 332381,
                            "self": 10267.792483870273,
                            "children": {
                                "SubprocessEnvManager._take_step": {
                                    "total": 1526.5060373849421,
                                    "count": 332381,
                                    "self": 21.36972832362676,
                                    "children": {
                                        "TorchPolicy.evaluate": {
                                            "total": 1505.1363090613154,
                                            "count": 332381,
                                            "self": 288.16258476561643,
                                            "children": {
                                                "TorchPolicy.sample_actions": {
                                                    "total": 1216.973724295699,
                                                    "count": 332381,
                                                    "self": 1216.973724295699
                                                }
                                            }
                                        }
                                    }
                                },
                                "workers": {
                                    "total": 4.899270431781758,
                                    "count": 332380,
                                    "self": 0.0,
                                    "children": {
                                        "worker_root": {
                                            "total": 11811.039824558797,
                                            "count": 332380,
                                            "is_parallel": true,
                                            "self": 1882.5050115559825,
                                            "children": {
                                                "run_training.setup": {
                                                    "total": 0.0,
                                                    "count": 0,
                                                    "is_parallel": true,
                                                    "self": 0.0,
                                                    "children": {
                                                        "steps_from_proto": {
                                                            "total": 0.003148049000003539,
                                                            "count": 1,
                                                            "is_parallel": true,
                                                            "self": 0.001219576000039524,
                                                            "children": {
                                                                "_process_vector_observation": {
                                                                    "total": 0.0019284729999640149,
                                                                    "count": 4,
                                                                    "is_parallel": true,
                                                                    "self": 0.0019284729999640149
                                                                }
                                                            }
                                                        },
                                                        "UnityEnvironment.step": {
                                                            "total": 0.040352841000014905,
                                                            "count": 1,
                                                            "is_parallel": true,
                                                            "self": 0.00016692200000534285,
                                                            "children": {
                                                                "UnityEnvironment._generate_step_input": {
                                                                    "total": 0.000258204999965983,