{"count":1,"self":3.776702,"total":3.871044,"children":{"AgentSendState":{"count":129,"self":0.010849,"total":0.023455,"children":{"CollectObservations":{"count":26,"self":0.0010689999999999999,"total":0.0010689999999999999,"children":null},"CollectDiscreteActionMasks":{"count":26,"self":0.00075999999999999993,"total":0.00075999999999999993,"children":null},"RayPerceptionSensor.Perceive":{"count":52,"self":0.010777,"total":0.010777,"children":null}}},"DecideAction":{"count":129,"self":0.0042499999999999994,"total":0.0042499999999999994,"children":null},"AgentAct":{"count":129,"self":0.06479399999999999,"total":0.06479399999999999,"children":null}},"gauges":{},"metadata":{"timer_format_version":"0.1.0","start_time_seconds":"1611425554","unity_version":"2019.4.1f1","command_line_arguments":"\/home\/rod\/Unity\/Hub\/Editor\/2019.4.1f1\/Editor\/Unity -projectpath \/home\/rod\/unity-projects\/TSOTF-1.3-ML -useHub -hubIPC -cloudEnvironment production -hubSessionId bb633390-5599-11eb-9093-27acf91e5359 -accessToken 1n7TGZz2y8408W9YOlK7tfZ7q8FMU1vsc8mKd0SFS4U005f","communication_protocol_version":"1.0.0","com.unity.ml-agents_version":"1.0.6","scene_name":"SotF-Scene-1-training","end_time_seconds":"1611425558"}}