{"count":1,"self":11635.392512,"total":17443.059140999998,"children":{"AgentSendState":{"count":1829501,"self":243.7704192,"total":1055.541047,"children":{"CollectObservations":{"count":2195406,"self":51.6115776,"total":51.611576,"children":null},"CollectDiscreteActionMasks":{"count":2195406,"self":50.4096416,"total":50.409641,"children":null},"AgentInfo.ToProto":{"count":2195406,"self":111.35110399999999,"total":709.749418,"children":{"GenerateSensorData":{"count":2195406,"self":247.33209599999998,"total":598.39832,"children":{"RayPerceptionSensor.Perceive":{"count":4390812,"self":351.0662144,"total":351.066215,"children":null}}}}}}},"DecideAction":{"count":1829501,"self":4579.6634624,"total":4579.663507,"children":null},"AgentAct":{"count":1829501,"self":170.8802048,"total":171.58161099999998,"children":{"AgentInfo.ToProto":{"count":2191,"self":0.11766599999999999,"total":0.701411,"children":{"GenerateSensorData":{"count":2191,"self":0.245189,"total":0.583745,"children":{"RayPerceptionSensor.Perceive":{"count":4382,"self":0.33855599999999997,"total":0.33855599999999997,"children":null}}}}}}}},"gauges":{"AgentPushCube.CumulativeReward":{"count":2191,"max":20.9992161,"min":-4.000166,"runningAverage":0.7008391,"value":-2.000166,"weightedAverage":3.18957}},"metadata":{"timer_format_version":"0.1.0","start_time_seconds":"1611653569","unity_version":"2019.4.1f1","command_line_arguments":"\/home\/rod\/Unity\/Hub\/Editor\/2019.4.1f1\/Editor\/Unity -projectpath \/home\/rod\/unity-projects\/TSOTF-1.3-ML -useHub -hubIPC -cloudEnvironment production -hubSessionId 246465c0-5fb9-11eb-978b-575e52873eec -accessToken JH1uWb0D_asO-8_lpoL4W9DuERPqM0uzsrRhRkBbmSw005f","communication_protocol_version":"1.0.0","com.unity.ml-agents_version":"1.0.6","scene_name":"SotF-Scene-1-training","end_time_seconds":"1611670935"}}