{"count":1,"self":3924.2297344,"total":7505.9007859999992,"children":{"AgentSendState":{"count":603634,"self":109.6953728,"total":502.88354899999996,"children":{"CollectObservations":{"count":1086543,"self":25.263966399999997,"total":25.263966999999997,"children":null},"CollectDiscreteActionMasks":{"count":1086543,"self":24.6439856,"total":24.643985999999998,"children":null},"AgentInfo.ToProto":{"count":1086543,"self":54.072985599999996,"total":343.280225,"children":{"GenerateSensorData":{"count":1086543,"self":119.08042239999999,"total":289.20723899999996,"children":{"RayPerceptionSensor.Perceive":{"count":2173086,"self":170.12682239999998,"total":170.126823,"children":null}}}}}}},"DecideAction":{"count":603634,"self":1276.9058816,"total":1276.905904,"children":null},"AgentAct":{"count":603634,"self":1801.3630464,"total":1801.858644,"children":{"AgentInfo.ToProto":{"count":1408,"self":0.079306,"total":0.49554699999999996,"children":{"GenerateSensorData":{"count":1408,"self":0.17257799999999998,"total":0.41624099999999997,"children":{"RayPerceptionSensor.Perceive":{"count":2816,"self":0.243663,"total":0.243663,"children":null}}}}}}}},"gauges":{"AgentPushCube.CumulativeReward":{"count":1408,"max":29.4588165,"min":-4.000166,"runningAverage":21.148386,"value":23.0490055,"weightedAverage":22.0811577}},"metadata":{"timer_format_version":"0.1.0","start_time_seconds":"1611509129","unity_version":"2019.4.1f1","command_line_arguments":"\/home\/rod\/Unity\/Hub\/Editor\/2019.4.1f1\/Editor\/Unity -projectpath \/home\/rod\/unity-projects\/TSOTF-1.3-ML -useHub -hubIPC -cloudEnvironment production -hubSessionId 7a675600-5dd2-11eb-9ada-f70827b7e062 -accessToken NVw0HJEJPnlpRD7PnZg4dAGS5uJxFGpHfF8RBJx-m1E005f","communication_protocol_version":"1.0.0","com.unity.ml-agents_version":"1.0.6","scene_name":"SotF-Scene-1-training","end_time_seconds":"1611516626"}}