{
    "name": "root",
    "gauges": {
        "PushBlockAgent.Policy.Entropy.mean": {
            "value": 0.11780330538749695,
            "min": 0.11755651235580444,
            "max": 1.3417919874191284,
            "count": 133
        },
        "PushBlockAgent.Policy.ExtrinsicValueEstimate.mean": {
            "value": 2.813356399536133,
            "min": -0.108998604118824,
            "max": 3.1126296520233154,
            "count": 133
        },
        "PushBlockAgent.Losses.PolicyLoss.mean": {
            "value": 0.06799417306658272,
            "min": 0.06525928909589614,
            "max": 0.07239255548735696,
            "count": 133
        },
        "PushBlockAgent.Losses.ValueLoss.mean": {
            "value": 0.8165384711618356,
            "min": 0.002710114999971228,
            "max": 0.9908457832601371,
            "count": 133
        },
        "PushBlockAgent.Policy.LearningRate.mean": {
            "value": 1.8852954922909483e-06,
            "min": 1.8852954922909483e-06,
            "max": 0.00029884080038639993,
            "count": 133
        },
        "PushBlockAgent.Policy.Epsilon.mean": {
            "value": 0.10062839870689654,
            "min": 0.10062839870689654,
            "max": 0.1996136,
            "count": 133
        },
        "PushBlockAgent.Policy.Beta.mean": {
            "value": 7.277703081896551e-05,
            "min": 7.277703081896551e-05,
            "max": 0.00996139864,
            "count": 133
        },
        "PushBlockAgent.Environment.EpisodeLength.mean": {
            "value": 823.7887323943662,
            "min": 680.1777777777778,
            "max": 999.0,
            "count": 133
        },
        "PushBlockAgent.Environment.CumulativeReward.mean": {
            "value": 22.16903477198341,
            "min": -0.9833333487311999,
            "max": 25.266822015981614,
            "count": 133
        },
        "PushBlockAgent.Policy.ExtrinsicReward.mean": {
            "value": 22.16903477198341,
            "min": -0.9833333487311999,
            "max": 25.266822015981614,
            "count": 133
        },
        "PushBlockAgent.IsTraining.mean": {
            "value": 1.0,
            "min": 1.0,
            "max": 1.0,
            "count": 133
        }
    },
    "metadata": {
        "timer_format_version": "0.1.0",
        "start_time_seconds": "1609801422",
        "python_version": "3.8.5 (default, Jul 28 2020, 12:59:40) \n[GCC 9.3.0]",
        "command_line_arguments": "/home/rod/.local/bin/mlagents-learn trainer_config_push_cube.yaml --run-id=PushBlockFourteen --force",
        "mlagents_version": "0.22.0",
        "mlagents_envs_version": "0.22.0",
        "communication_protocol_version": "1.2.0",
        "pytorch_version": "1.7.0",
        "numpy_version": "1.18.0",
        "end_time_seconds": "1609817396"
    },
    "total": 15973.861417890017,
    "count": 1,
    "self": 0.012108352035284042,
    "children": {
        "run_training.setup": {
            "total": 0.00541662699833978,
            "count": 1,
            "self": 0.00541662699833978
        },
        "TrainerController.start_learning": {
            "total": 15973.843892910983,
            "count": 1,
            "self": 18.133094058182905,
            "children": {
                "TrainerController._reset_env": {
                    "total": 8.571498491000966,
                    "count": 1,
                    "self": 8.571498491000966
                },
                "TrainerController.advance": {
                    "total": 15947.083368470805,
                    "count": 672623,
                    "self": 10.342518838340766,
                    "children": {
                        "env_step": {
                            "total": 15936.740849632464,
                            "count": 672623,
                            "self": 12253.394008472533,
                            "children": {
                                "SubprocessEnvManager._take_step": {
                                    "total": 3674.043396221401,
                                    "count": 672623,
                                    "self": 45.64159182854928,
                                    "children": {
                                        "TorchPolicy.evaluate": {
                                            "total": 3628.401804392852,
                                            "count": 666796,
                                            "self": 757.9039889447158,
                                            "children": {
                                                "TorchPolicy.sample_actions": {
                                                    "total": 2870.497815448136,
                                                    "count": 666796,
                                                    "self": 2870.497815448136
                                                }
                                            }
                                        }
                                    }
                                },
                                "workers": {
                                    "total": 9.303444938530447,
                                    "count": 672623,
                                    "self": 0.0,
                                    "children": {
                                        "worker_root": {
                                            "total": 15952.194950031684,
                                            "count": 672623,
                                            "is_parallel": true,
                                            "self": 5375.745890769438,
                                            "children": {
                                                "run_training.setup": {
                                                    "total": 0.0,
                                                    "count": 0,
                                                    "is_parallel": true,
                                                    "self": 0.0,
                                                    "children": {
                                                        "steps_from_proto": {
                                                            "total": 0.00203758200223092,
                                                            "count": 1,
                                                            "is_parallel": true,
                                                            "self": 0.0006211090076249093,
                                                            "children": {
                                                                "_process_vector_observation": {
                                                                    "total": 0.0014164729946060106,
                                                                    "count": 4,
                                                                    "is_parallel": true,
                                                                    "self": 0.0014164729946060106
                                                                }
                                                            }
                                                        },
                                                        "UnityEnvironment.step": {
                                                            "total": 0.06284055199648719,
                                                            "count": 1,
                                                            "is_parallel": true,
                                                            "self": 0.000281394983176142,
                                                            "children": {
                                                                "UnityEnvironment._generate_step_input": {
                                                                    "total": 0.000200726994080469,