{
    "name": "root",
    "gauges": {
        "PushBlockAgent3.Policy.Entropy.mean": {
            "value": 0.11328242719173431,
            "min": 0.10301688313484192,
            "max": 0.33753442764282227,
            "count": 116
        },
        "PushBlockAgent3.Policy.ExtrinsicValueEstimate.mean": {
            "value": 1.7000435590744019,
            "min": 0.7189362645149231,
            "max": 1.7978533506393433,
            "count": 116
        },
        "PushBlockAgent3.Policy.GailValueEstimate.mean": {
            "value": 0.32297462224960327,
            "min": 0.30257993936538696,
            "max": 0.4165824353694916,
            "count": 116
        },
        "PushBlockAgent3.IsTraining.mean": {
            "value": 1.0,
            "min": 1.0,
            "max": 1.0,
            "count": 116
        },
        "PushBlockAgent3.Environment.EpisodeLength.mean": {
            "value": 1417.95,
            "min": 1259.204081632653,
            "max": 1859.0,
            "count": 115
        },
        "PushBlockAgent3.Losses.PolicyLoss.mean": {
            "value": 0.0330344880768583,
            "min": 0.030987159204544566,
            "max": 0.035719635259738425,
            "count": 115
        },
        "PushBlockAgent3.Losses.ValueLoss.mean": {
            "value": 0.27180745906662196,
            "min": 0.16605432206221546,
            "max": 0.33039309087741586,
            "count": 115
        },
        "PushBlockAgent3.Policy.LearningRate.mean": {
            "value": 7.511337496553395e-07,
            "min": 7.511337496553395e-07,
            "max": 0.00010334010876760465,
            "count": 115
        },
        "PushBlockAgent3.Policy.Epsilon.mean": {
            "value": 0.10025034466666667,
            "min": 0.10025034466666667,
            "max": 0.13444668107142857,
            "count": 115
        },
        "PushBlockAgent3.Policy.Beta.mean": {
            "value": 3.50094322000002e-05,
            "min": 3.50094322000002e-05,
            "max": 0.0034512234390357147,
            "count": 115
        },
        "PushBlockAgent3.Policy.GAILPolicyEstimate.mean": {
            "value": 0.18781827230316897,
            "min": 0.17698540997558407,
            "max": 0.22877336293458939,
            "count": 115
        },
        "PushBlockAgent3.Policy.GAILExpertEstimate.mean": {
            "value": 0.8087822669496139,
            "min": 0.7708284596779517,
            "max": 0.817178067950798,
            "count": 115
        },
        "PushBlockAgent3.Losses.GAILLoss.mean": {
            "value": 0.5344224076407651,
            "min": 0.5067870336185608,
            "max": 0.6470848691117551,
            "count": 115
        },
        "PushBlockAgent3.Policy.GAILGradMagLoss.mean": {
            "value": 0.04243737292417791,
            "min": 0.038384101108143415,
            "max": 0.0447017513467775,
            "count": 115
        },
        "PushBlockAgent3.Environment.CumulativeReward.mean": {
            "value": 24.315738072805107,
            "min": 17.70852821010298,
            "max": 25.839469755315505,
            "count": 115
        },
        "PushBlockAgent3.Policy.ExtrinsicReward.mean": {
            "value": 24.315738072805107,
            "min": 17.70852821010298,
            "max": 25.839469755315505,
            "count": 115
        },
        "PushBlockAgent3.Policy.GailReward.mean": {
            "value": 4.410245842221775,
            "min": 4.2039732807574985,
            "max": 7.118915701725972,
            "count": 115
        }
    },
    "metadata": {
        "timer_format_version": "0.1.0",
        "start_time_seconds": "1612532776",
        "python_version": "3.8.5 (default, Jul 28 2020, 12:59:40) \n[GCC 9.3.0]",
        "command_line_arguments": "/home/rod/.local/bin/mlagents-learn trainer_config_push_cube-Agent3-demo.yaml --run-id=PushBlockAgent-3-2 --resume",
        "mlagents_version": "0.22.0",
        "mlagents_envs_version": "0.22.0",
        "communication_protocol_version": "1.2.0",
        "pytorch_version": "1.7.0",
        "numpy_version": "1.18.0",
        "end_time_seconds": "1612569126"
    },
    "total": 36350.093324887974,
    "count": 1,
    "self": 0.012788070947863162,
    "children": {
        "run_training.setup": {
            "total": 0.00518611102597788,
            "count": 1,
            "self": 0.00518611102597788
        },
        "TrainerController.start_learning": {
            "total": 36350.075350706,
            "count": 1,
            "self": 24.33515607845038,
            "children": {
                "TrainerController._reset_env": {
                    "total": 20.573298686009366,
                    "count": 1,
                    "self": 9.351468410983216,
                    "children": {
                        "demo_to_buffer": {
                            "total": 11.22183027502615,
                            "count": 1,
                            "self": 0.054153955017682165,
                            "children": {
                                "load_demonstration": {
                                    "total": 0.16418542398605496,
                                    "count": 1,
                                    "self": 0.15893345198128372,
                                    "children": {
                                        "read_file": {
                                            "total": 0.005251972004771233,
                                            "count": 1,
                                            "self": 0.005251972004771233
                                        }
                                    }
                                },
                                "make_demo_buffer": {
                                    "total": 11.003490896022413,
                                    "count": 1,
                                    "self": 1.693084855680354,
                                    "children": {
                                        "steps_from_proto": {
                                            "total": 9.310406040342059,
                                            "count": 33498,
                                            "self": 4.51518824044615,
                                            "children": {
                                                "_process_vector_observation": {
                                                    "total": 4.795217799895909,
                                                    "count": 133992,
                                                    "self": 4.795217799895909
                                                }
                                            }
                                        }
                                    }
                                }
                            }
                        }
                    }
                },
                "TrainerController.advance": {
                    "total": 36305.10865790857,
                    "count": 772766,
                    "self": 14.336589911894407,
                    "children": {
                        "env_step": {
                            "total": 36290.77206799667,
                            "count": 772766,
                            "self": 31535.563674953417,
                            "children": {
                                "SubprocessEnvManager._take_step": {
                                    "total": 4741.617794240185,
                                    "count": 772766,
                                    "self": 63.85289183270652,
                                    "children": {
                                        "TorchPolicy.evaluate": {
                                            "total": 4677.764902407478,
                                            "count": 769191,
                                            "self": 833.9313651683624,