{
    "name": "root",
    "gauges": {
        "AgentPushCube.Policy.Entropy.mean": {
            "value": 0.07825496792793274,
            "min": 0.07251884043216705,
            "max": 0.0797455906867981,
            "count": 14
        },
        "AgentPushCube.Policy.ExtrinsicValueEstimate.mean": {
            "value": 2.977080821990967,
            "min": 2.289846897125244,
            "max": 3.10243821144104,
            "count": 14
        },
        "AgentPushCube.Environment.EpisodeLength.mean": {
            "value": 738.1111111111111,
            "min": 707.5930232558139,
            "max": 876.8985507246376,
            "count": 14
        },
        "AgentPushCube.Environment.CumulativeReward.mean": {
            "value": 23.026698055366676,
            "min": 21.554582323327107,
            "max": 25.311731700117097,
            "count": 14
        },
        "AgentPushCube.Policy.ExtrinsicReward.mean": {
            "value": 23.026698055366676,
            "min": 21.554582323327107,
            "max": 25.311731700117097,
            "count": 14
        },
        "AgentPushCube.Losses.PolicyLoss.mean": {
            "value": 0.06983714123743577,
            "min": 0.06568043424323704,
            "max": 0.07119428247464926,
            "count": 14
        },
        "AgentPushCube.Losses.ValueLoss.mean": {
            "value": 0.9973887515564759,
            "min": 0.7762105619588329,
            "max": 1.0473919362686146,
            "count": 14
        },
        "AgentPushCube.Policy.LearningRate.mean": {
            "value": 1.8958329887784488e-06,
            "min": 1.8958329887784488e-06,
            "max": 3.0413660316688635e-05,
            "count": 14
        },
        "AgentPushCube.Policy.Epsilon.mean": {
            "value": 0.10063191120689655,
            "min": 0.10063191120689655,
            "max": 0.1101378568181818,
            "count": 14
        },
        "AgentPushCube.Policy.Beta.mean": {
            "value": 7.312792956896555e-05,
            "min": 7.312792956896555e-05,
            "max": 0.001022771896136364,
            "count": 14
        },
        "AgentPushCube.IsTraining.mean": {
            "value": 1.0,
            "min": 1.0,
            "max": 1.0,
            "count": 14
        }
    },
    "metadata": {
        "timer_format_version": "0.1.0",
        "start_time_seconds": "1611571678",
        "python_version": "3.8.5 (default, Jul 28 2020, 12:59:40) \n[GCC 9.3.0]",
        "command_line_arguments": "/home/rod/.local/bin/mlagents-learn trainer_config_agentpushcube.yaml --run-id=Agent-1-1 --resume",
        "mlagents_version": "0.22.0",
        "mlagents_envs_version": "0.22.0",
        "communication_protocol_version": "1.2.0",
        "pytorch_version": "1.7.0",
        "numpy_version": "1.18.0",
        "end_time_seconds": "1611576658"
    },
    "total": 4980.383123628999,
    "count": 1,
    "self": 0.011334858005284332,
    "children": {
        "run_training.setup": {
            "total": 0.0051712719941861,
            "count": 1,
            "self": 0.0051712719941861
        },
        "TrainerController.start_learning": {
            "total": 4980.366617498999,
            "count": 1,
            "self": 3.725336434006749,
            "children": {
                "TrainerController._reset_env": {
                    "total": 51.93409855799837,
                    "count": 1,
                    "self": 51.93409855799837
                },
                "TrainerController.advance": {
                    "total": 4924.64794206799,
                    "count": 138230,
                    "self": 2.164710280696454,
                    "children": {
                        "env_step": {
                            "total": 4922.483231787293,
                            "count": 138230,
                            "self": 4291.448489084905,
                            "children": {
                                "SubprocessEnvManager._take_step": {
                                    "total": 629.016441760803,
                                    "count": 138230,
                                    "self": 8.830915253107378,
                                    "children": {
                                        "TorchPolicy.evaluate": {
                                            "total": 620.1855265076956,
                                            "count": 137435,
                                            "self": 113.07718011044199,
                                            "children": {
                                                "TorchPolicy.sample_actions": {
                                                    "total": 507.1083463972536,
                                                    "count": 137435,
                                                    "self": 507.1083463972536
                                                }
                                            }
                                        }
                                    }
                                },
                                "workers": {
                                    "total": 2.0183009415850393,
                                    "count": 138230,
                                    "self": 0.0,
                                    "children": {
                                        "worker_root": {
                                            "total": 4975.871175332977,
                                            "count": 138230,
                                            "is_parallel": true,
                                            "self": 824.6935551902279,
                                            "children": {
                                                "run_training.setup": {
                                                    "total": 0.0,
                                                    "count": 0,
                                                    "is_parallel": true,
                                                    "self": 0.0,
                                                    "children": {
                                                        "steps_from_proto": {
                                                            "total": 0.015528971001913305,
                                                            "count": 1,
                                                            "is_parallel": true,
                                                            "self": 0.0044572030019480735,
                                                            "children": {
                                                                "_process_vector_observation": {
                                                                    "total": 0.011071767999965232,
                                                                    "count": 4,
                                                                    "is_parallel": true,
                                                                    "self": 0.011071767999965232
                                                                }
                                                            }
                                                        },
                                                        "UnityEnvironment.step": {
                                                            "total": 0.07649531799688702,
                                                            "count": 1,
                                                            "is_parallel": true,
                                                            "self": 0.00026714599516708404,
                                                            "children": {
                                                                "UnityEnvironment._generate_step_input": {
                                                                    "total": 0.0005386949997046031,