{
    "name": "root",
    "metadata": {
        "timer_format_version": "0.1.0",
        "start_time_seconds": "1611509117",
        "python_version": "3.8.5 (default, Jul 28 2020, 12:59:40) \n[GCC 9.3.0]",
        "command_line_arguments": "/home/rod/.local/bin/mlagents-learn trainer_config_agentpushcube.yaml --run-id=Agent-1-1 --resume",
        "mlagents_version": "0.22.0",
        "mlagents_envs_version": "0.22.0",
        "communication_protocol_version": "1.2.0",
        "pytorch_version": "1.7.0",
        "numpy_version": "1.18.0",
        "end_time_seconds": "1611516487"
    },
    "total": 7369.832265341,
    "count": 1,
    "self": 1.0512124510059948,
    "children": {
        "run_training.setup": {
            "total": 0.11661403699690709,
            "count": 1,
            "self": 0.11661403699690709
        },
        "TrainerController.start_learning": {
            "total": 7368.664438852997,
            "count": 1,
            "self": 3.4502233815946965,
            "children": {
                "TrainerController._reset_env": {
                    "total": 22.817141724000976,
                    "count": 1,
                    "self": 22.817141724000976
                },
                "TrainerController.advance": {
                    "total": 7302.088786242399,
                    "count": 121861,
                    "self": 2.003127128518827,
                    "children": {
                        "env_step": {
                            "total": 7300.08565911388,
                            "count": 121861,
                            "self": 6673.223285850712,
                            "children": {
                                "SubprocessEnvManager._take_step": {
                                    "total": 625.0260976766731,
                                    "count": 121861,
                                    "self": 8.263623109392938,
                                    "children": {
                                        "TorchPolicy.evaluate": {
                                            "total": 616.7624745672802,
                                            "count": 120724,
                                            "self": 128.00781653223385,
                                            "children": {
                                                "TorchPolicy.sample_actions": {
                                                    "total": 488.7546580350463,
                                                    "count": 120724,
                                                    "self": 488.7546580350463
                                                }
                                            }
                                        }
                                    }
                                },
                                "workers": {
                                    "total": 1.8362755864945939,
                                    "count": 121860,
                                    "self": 0.0,
                                    "children": {
                                        "worker_root": {
                                            "total": 7261.834178233861,
                                            "count": 121860,
                                            "is_parallel": true,
                                            "self": 809.4018227679117,
                                            "children": {
                                                "run_training.setup": {
                                                    "total": 0.0,
                                                    "count": 0,
                                                    "is_parallel": true,
                                                    "self": 0.0,
                                                    "children": {
                                                        "steps_from_proto": {
                                                            "total": 0.027491783002915327,
                                                            "count": 1,
                                                            "is_parallel": true,
                                                            "self": 0.0040535140069550835,
                                                            "children": {
                                                                "_process_vector_observation": {
                                                                    "total": 0.023438268995960243,
                                                                    "count": 4,
                                                                    "is_parallel": true,
                                                                    "self": 0.023438268995960243
                                                                }
                                                            }
                                                        },
                                                        "UnityEnvironment.step": {
                                                            "total": 0.09477130800223676,
                                                            "count": 1,
                                                            "is_parallel": true,
                                                            "self": 0.000302834996546153,
                                                            "children": {
                                                                "UnityEnvironment._generate_step_input": {
                                                                    "total": 0.00028998600464547053,
                                                                    "count": 1,
                                                                    "is_parallel": true,
                                                                    "self": 0.00028998600464547053
                                                                },
                                                                "communicator.exchange": {
                                                                    "total": 0.09279539799899794,
                                                                    "count": 1,
                                                                    "is_parallel": true,
                                                                    "self": 0.09279539799899794
                                                                },
                                                                "steps_from_proto": {
                                                                    "total": 0.0013830890020471998,
                                                                    "count": 1,
                                                                    "is_parallel": true,
                                                                    "self": 0.00037945400254102424,
                                                                    "children": {
                                                                        "_process_vector_observation": {
                                                                            "total": 0.0010036349995061755,
                                                                            "count": 4,
                                                                            "is_parallel": true,