{
    "name": "root",
    "metadata": {
        "timer_format_version": "0.1.0",
        "start_time_seconds": "1611614429",
        "python_version": "3.8.5 (default, Jul 28 2020, 12:59:40) \n[GCC 9.3.0]",
        "command_line_arguments": "/home/rod/.local/bin/mlagents-learn trainer_config_agentpushcube.yaml --run-id=Agent-1-1 --resume",
        "mlagents_version": "0.22.0",
        "mlagents_envs_version": "0.22.0",
        "communication_protocol_version": "1.2.0",
        "pytorch_version": "1.7.0",
        "numpy_version": "1.18.0",
        "end_time_seconds": "1611614447"
    },
    "total": 18.112250327000027,
    "count": 1,
    "self": 0.03449546399997416,
    "children": {
        "run_training.setup": {
            "total": 0.08113197400001582,
            "count": 1,
            "self": 0.08113197400001582
        },
        "TrainerController.start_learning": {
            "total": 17.996622889000037,
            "count": 1,
            "self": 0.0003454400001032809,
            "children": {
                "TrainerController._reset_env": {
                    "total": 17.37741839199998,
                    "count": 1,
                    "self": 17.37741839199998
                },
                "trainer_threads": {
                    "total": 1.6062999975474668e-05,
                    "count": 1,
                    "self": 1.6062999975474668e-05,
                    "children": {
                        "thread_root": {
                            "total": 0.0,
                            "count": 0,
                            "is_parallel": true,
                            "self": 0.0,
                            "children": {
                                "trainer_advance": {
                                    "total": 0.00029222000000572734,
                                    "count": 1,
                                    "is_parallel": true,
                                    "self": 5.866800000831063e-05,
                                    "children": {
                                        "process_trajectory": {
                                            "total": 0.00023355199999741671,
                                            "count": 1,
                                            "is_parallel": true,
                                            "self": 0.00023355199999741671
                                        }
                                    }
                                }
                            }
                        }
                    }
                },
                "TrainerController._save_models": {
                    "total": 0.6188429939999764,
                    "count": 1,
                    "self": 0.0006489040000019486,
                    "children": {
                        "RLTrainer._checkpoint": {
                            "total": 0.6181940899999745,
                            "count": 1,
                            "self": 0.6181940899999745
                        }
                    }
                }
            }
        }
    }
}